{"cameraMode":{"drawMode":0,"name":"Shaded","section":"Shading Mode"},"sceneLighting":false,"audioPlay":false,"sceneViewState":{"showFog":true,"showMaterialUpdate":false,"showSkybox":true,"showFlares":true,"showImageEffects":true,"showParticleSystems":true},"in2DMode":false,"pivot":{"x":0.4702484607696533,"y":0.7056336402893066,"z":0.6068227291107178},"rotation":{"x":0.4899332523345947,"y":0.4830265939235687,"z":-0.3844994604587555,"w":0.615476131439209},"size":4.794918060302734,"orthographic":false}