{"cameraMode":{"drawMode":0,"name":"Shaded","section":"Shading Mode"},"sceneLighting":false,"audioPlay":false,"sceneViewState":{"showFog":true,"showMaterialUpdate":false,"showSkybox":true,"showFlares":true,"showImageEffects":true,"showParticleSystems":true},"in2DMode":false,"pivot":{"x":0.729617714881897,"y":0.1840822696685791,"z":-0.0038541555404663088},"rotation":{"x":0.17382165789604188,"y":0.8245881199836731,"z":-0.4078325927257538,"w":0.35144439339637759},"size":4.177792549133301,"orthographic":false}