{"cameraMode":{"drawMode":0,"name":"Shaded","section":"Shading Mode"},"sceneLighting":false,"audioPlay":false,"sceneViewState":{"showFog":true,"showMaterialUpdate":false,"showSkybox":true,"showFlares":true,"showImageEffects":true,"showParticleSystems":true},"in2DMode":false,"pivot":{"x":0.021221399307250978,"y":-0.04340386390686035,"z":0.8385556936264038},"rotation":{"x":0.3359399735927582,"y":0.6363227367401123,"z":-0.35996145009994509,"w":0.5938565135002136},"size":4.580139636993408,"orthographic":false}