{"cameraMode":{"drawMode":0,"name":"Shaded","section":"Shading Mode"},"sceneLighting":false,"audioPlay":false,"sceneViewState":{"showFog":true,"showMaterialUpdate":false,"showSkybox":true,"showFlares":true,"showImageEffects":true,"showParticleSystems":true},"in2DMode":false,"pivot":{"x":0.3395252227783203,"y":0.043088436126708987,"z":0.4715041518211365},"rotation":{"x":0.3243458569049835,"y":0.6715553402900696,"z":-0.4236643612384796,"w":0.5141222476959229},"size":4.556023120880127,"orthographic":false}