{"cameraMode":{"drawMode":0,"name":"Shaded","section":"Shading Mode"},"sceneLighting":false,"audioPlay":false,"sceneViewState":{"showFog":true,"showMaterialUpdate":false,"showSkybox":true,"showFlares":true,"showImageEffects":true,"showParticleSystems":true},"in2DMode":false,"pivot":{"x":0.821135401725769,"y":0.5565180778503418,"z":0.5461686849594116},"rotation":{"x":0.36929744482040408,"y":0.5959051251411438,"z":-0.3562401235103607,"w":0.6177454590797424},"size":4.556023120880127,"orthographic":false}