{"cameraMode":{"drawMode":0,"name":"Shaded","section":"Shading Mode"},"sceneLighting":false,"audioPlay":false,"sceneViewState":{"showFog":true,"showMaterialUpdate":false,"showSkybox":true,"showFlares":true,"showImageEffects":true,"showParticleSystems":true},"in2DMode":false,"pivot":{"x":0.7322409152984619,"y":0.4388604164123535,"z":0.46081823110580447},"rotation":{"x":0.4161539077758789,"y":0.5809918642044067,"z":-0.45540526509284975,"w":0.5309147834777832},"size":4.580139636993408,"orthographic":false}