{"cameraMode":{"drawMode":0,"name":"Shaded","section":"Shading Mode"},"sceneLighting":false,"audioPlay":false,"sceneViewState":{"showFog":true,"showMaterialUpdate":false,"showSkybox":true,"showFlares":true,"showImageEffects":true,"showParticleSystems":true},"in2DMode":false,"pivot":{"x":0.6885687112808228,"y":0.9943537712097168,"z":-0.08268177509307862},"rotation":{"x":0.12197714298963547,"y":0.8589584827423096,"z":-0.24078722298145295,"w":0.43512463569641116},"size":3.380772590637207,"orthographic":false}