{"cameraMode":{"drawMode":0,"name":"Shaded","section":"Shading Mode"},"sceneLighting":false,"audioPlay":false,"sceneViewState":{"showFog":true,"showMaterialUpdate":false,"showSkybox":true,"showFlares":true,"showImageEffects":true,"showParticleSystems":true},"in2DMode":false,"pivot":{"x":0.0,"y":0.37311220169067385,"z":-0.00003218650817871094},"rotation":{"x":0.299526184797287,"y":0.19232437014579774,"z":-0.06177854165434837,"w":0.9324585199356079},"size":3.5887324810028078,"orthographic":false}