{"cameraMode":{"drawMode":0,"name":"Shaded","section":"Shading Mode"},"sceneLighting":false,"audioPlay":false,"sceneViewState":{"showFog":true,"showMaterialUpdate":false,"showSkybox":true,"showFlares":true,"showImageEffects":true,"showParticleSystems":true},"in2DMode":false,"pivot":{"x":1.2266417741775513,"y":1.6004629135131837,"z":0.15481039881706239},"rotation":{"x":0.39362967014312746,"y":0.5228602290153503,"z":-0.2957773804664612,"w":0.6958366632461548},"size":4.177792549133301,"orthographic":false}